campaign_id,date,impressions,clicks,cost,conversions,ctr,cpc,cpa
Display_Programmatic,2025-10-25,17212,119,91.53,1,0.006914,0.7692,91.53
Email_Newsletter,2025-10-25,4909,161,117.52,13,0.032797,0.7299,9.04
Search_Google,2025-10-25,10712,215,616.29,19,0.020071,2.8665,32.4363
Social_FB,2025-10-25,19615,407,284.57,13,0.020749,0.6992,21.89
Social_IG,2025-10-25,17437,286,174.56,10,0.016402,0.6103,17.456
Display_Programmatic,2025-10-26,35287,370,227.86,3,0.010485,0.6158,75.9533
Email_Newsletter,2025-10-26,5025,175,101.25,11,0.034826,0.5786,9.2045
Search_Google,2025-10-26,10832,259,575.81,19,0.023911,2.2232,30.3058
Social_FB,2025-10-26,9258,191,220.4,4,0.020631,1.1539,55.1
Social_IG,2025-10-26,19389,159,161.58,6,0.008201,1.0162,26.93
Display_Programmatic,2025-10-27,17295,98,35.22,1,0.005666,0.3594,35.22
Email_Newsletter,2025-10-27,6976,188,151.93,9,0.02695,0.8081,16.8811
Search_Google,2025-10-27,4842,257,501.78,14,0.053077,1.9525,35.8414
Social_FB,2025-10-27,11972,313,449.33,12,0.026144,1.4356,37.4442
Social_IG,2025-10-27,17098,261,344.84,11,0.015265,1.3212,31.3491
Display_Programmatic,2025-10-28,21249,154,142.29,1,0.007247,0.924,142.29
Email_Newsletter,2025-10-28,2931,138,80.91,11,0.047083,0.5863,7.3555
Search_Google,2025-10-28,6790,317,842.76,23,0.046686,2.6585,36.6417
Social_FB,2025-10-28,22444,544,853.28,20,0.024238,1.5685,42.664
Social_IG,2025-10-28,9860,198,154.64,6,0.020081,0.781,25.7733
Display_Programmatic,2025-10-29,23761,111,88.03,2,0.004672,0.7931,44.015
Email_Newsletter,2025-10-29,7415,231,91.43,12,0.031153,0.3958,7.6192
Search_Google,2025-10-29,7016,387,720.59,27,0.05516,1.862,26.6885
Social_FB,2025-10-29,16269,328,247.51,13,0.020161,0.7546,19.0392
Social_IG,2025-10-29,7952,148,88.67,3,0.018612,0.5991,29.5567
Display_Programmatic,2025-10-30,21190,199,212.01,2,0.009391,1.0654,106.005
Email_Newsletter,2025-10-30,5911,222,102.05,11,0.037557,0.4597,9.2773
Search_Google,2025-10-30,6992,253,455.11,10,0.036184,1.7989,45.511
Social_FB,2025-10-30,16553,168,164.65,6,0.010149,0.9801,27.4417
Social_IG,2025-10-30,18409,234,194.49,9,0.012711,0.8312,21.61
Display_Programmatic,2025-10-31,27242,92,73.62,1,0.003377,0.8002,73.62
Email_Newsletter,2025-10-31,3955,191,63.93,14,0.048293,0.3347,4.5664
Search_Google,2025-10-31,5669,299,478.93,24,0.052743,1.6018,19.9554
Social_FB,2025-10-31,13042,260,174.45,10,0.019936,0.671,17.445
Social_IG,2025-10-31,17360,316,352.24,8,0.018203,1.1147,44.03
Display_Programmatic,2025-11-01,29342,326,193.52,5,0.01111,0.5936,38.704
Email_Newsletter,2025-11-01,4236,218,169.35,24,0.051464,0.7768,7.0562
Search_Google,2025-11-01,11863,501,864.9,32,0.042232,1.7263,27.0281
Social_FB,2025-11-01,13150,254,337.08,11,0.019316,1.3271,30.6436
Social_IG,2025-11-01,18940,397,314.25,15,0.020961,0.7916,20.95
Display_Programmatic,2025-11-02,23599,224,170.62,2,0.009492,0.7617,85.31
Email_Newsletter,2025-11-02,6552,192,167.56,12,0.029304,0.8727,13.9633
Search_Google,2025-11-02,11919,247,405.06,15,0.020723,1.6399,27.004
Social_FB,2025-11-02,22802,381,583.13,18,0.016709,1.5305,32.3961
Social_IG,2025-11-02,11104,174,185.14,6,0.01567,1.064,30.8567
Display_Programmatic,2025-11-03,28348,318,122.95,4,0.011218,0.3866,30.7375
Email_Newsletter,2025-11-03,2695,145,113.63,17,0.053803,0.7837,6.6841
Search_Google,2025-11-03,8799,446,1689.31,17,0.050688,3.7877,99.3712
Social_FB,2025-11-03,18939,498,485.8,16,0.026295,0.9755,30.3625
Social_IG,2025-11-03,13496,201,227.46,4,0.014893,1.1316,56.865
Display_Programmatic,2025-11-04,18714,106,107.6,2,0.005664,1.0151,53.8
Email_Newsletter,2025-11-04,2946,67,42.29,3,0.022743,0.6312,14.0967
Search_Google,2025-11-04,5757,189,304.62,15,0.03283,1.6117,20.308
Social_FB,2025-11-04,10539,180,259.03,8,0.017079,1.4391,32.3787
Social_IG,2025-11-04,19403,322,217.11,13,0.016595,0.6743,16.7008
Display_Programmatic,2025-11-05,19694,66,48.64,1,0.003351,0.737,48.64
Email_Newsletter,2025-11-05,8007,376,232.15,23,0.046959,0.6174,10.0935
Search_Google,2025-11-05,7433,310,792.72,16,0.041706,2.5572,49.545
Social_FB,2025-11-05,18914,428,625.41,19,0.022629,1.4612,32.9163
Social_IG,2025-11-05,18342,295,323.89,8,0.016083,1.0979,40.4862
Display_Programmatic,2025-11-06,27684,126,68.59,1,0.004551,0.5444,68.59
Email_Newsletter,2025-11-06,2818,74,49.57,9,0.02626,0.6699,5.5078
Search_Google,2025-11-06,12375,339,810.41,13,0.027394,2.3906,62.3392
Social_FB,2025-11-06,12108,274,215.92,6,0.02263,0.788,35.9867
Social_IG,2025-11-06,18811,236,183.36,9,0.012546,0.7769,20.3733
Display_Programmatic,2025-11-07,12798,131,94.02,1,0.010236,0.7177,94.02
Email_Newsletter,2025-11-07,7407,308,84.88,29,0.041582,0.2756,2.9269
Search_Google,2025-11-07,5869,318,730.85,23,0.054183,2.2983,31.7761
Social_FB,2025-11-07,16495,294,193.27,12,0.017824,0.6574,16.1058
Social_IG,2025-11-07,9286,173,105.14,3,0.01863,0.6077,35.0467
Display_Programmatic,2025-11-08,16205,144,76.96,1,0.008886,0.5344,76.96
Email_Newsletter,2025-11-08,5427,112,73.11,6,0.020638,0.6528,12.185
Search_Google,2025-11-08,6401,161,549.54,13,0.025152,3.4133,42.2723
Social_FB,2025-11-08,16825,368,253.27,9,0.021872,0.6882,28.1411
Social_IG,2025-11-08,18283,368,467.24,12,0.020128,1.2697,38.9367
Display_Programmatic,2025-11-09,29502,283,154.71,2,0.009593,0.5467,77.355
Email_Newsletter,2025-11-09,6975,198,139.77,19,0.028387,0.7059,7.3563
Search_Google,2025-11-09,12268,384,1271.97,17,0.031301,3.3124,74.8218
Social_FB,2025-11-09,26592,592,511.78,17,0.022262,0.8645,30.1047
Social_IG,2025-11-09,8230,146,196.81,5,0.01774,1.348,39.362
Display_Programmatic,2025-11-10,34156,288,157.3,4,0.008432,0.5462,39.325
Email_Newsletter,2025-11-10,3513,167,89.56,9,0.047538,0.5363,9.9511
Search_Google,2025-11-10,6976,405,1148.18,27,0.058056,2.835,42.5252
Social_FB,2025-11-10,17041,424,626.73,12,0.024881,1.4781,52.2275
Social_IG,2025-11-10,7085,152,138.97,6,0.021454,0.9143,23.1617
Display_Programmatic,2025-11-11,23914,182,151.56,2,0.007611,0.8327,75.78
Email_Newsletter,2025-11-11,3088,150,139.38,17,0.048575,0.9292,8.1988
Search_Google,2025-11-11,7826,376,1299.74,15,0.048045,3.4568,86.6493
Social_FB,2025-11-11,10971,197,177.51,9,0.017956,0.9011,19.7233
Social_IG,2025-11-11,10973,193,262.21,7,0.017589,1.3586,37.4586
Display_Programmatic,2025-11-12,11071,71,68.51,1,0.006413,0.9649,68.51
Email_Newsletter,2025-11-12,2331,112,67.0,13,0.048048,0.5982,5.1538
Search_Google,2025-11-12,11640,288,920.07,20,0.024742,3.1947,46.0035
Social_FB,2025-11-12,13801,232,192.87,9,0.01681,0.8313,21.43
Social_IG,2025-11-12,16569,191,205.97,5,0.011528,1.0784,41.194
Display_Programmatic,2025-11-13,30590,200,114.99,1,0.006538,0.575,114.99
Email_Newsletter,2025-11-13,6114,205,85.3,13,0.03353,0.4161,6.5615
Search_Google,2025-11-13,7161,401,830.3,15,0.055998,2.0706,55.3533
Social_FB,2025-11-13,18294,207,327.6,7,0.011315,1.5826,46.8
Social_IG,2025-11-13,7550,83,119.91,2,0.010993,1.4447,59.955
Display_Programmatic,2025-11-14,15576,50,51.64,1,0.00321,1.0328,51.64
Email_Newsletter,2025-11-14,8023,266,141.76,27,0.033155,0.5329,5.2504
Search_Google,2025-11-14,5765,327,1152.23,13,0.056722,3.5236,88.6331
Social_FB,2025-11-14,14838,223,260.35,7,0.015029,1.1675,37.1929
Social_IG,2025-11-14,16508,343,483.66,13,0.020778,1.4101,37.2046
Display_Programmatic,2025-11-15,29797,144,76.96,1,0.004833,0.5344,76.96
Email_Newsletter,2025-11-15,5891,256,117.05,23,0.043456,0.4572,5.0891
Search_Google,2025-11-15,9776,496,1635.28,43,0.050736,3.2969,38.0298
Social_FB,2025-11-15,19044,212,145.01,4,0.011132,0.684,36.2525
Social_IG,2025-11-15,16563,293,371.22,9,0.01769,1.267,41.2467
Display_Programmatic,2025-11-16,23637,279,233.92,4,0.011804,0.8384,58.48
Email_Newsletter,2025-11-16,4700,243,148.68,17,0.051702,0.6119,8.7459
Search_Google,2025-11-16,5427,243,405.04,18,0.044776,1.6668,22.5022
Social_FB,2025-11-16,18264,456,694.44,13,0.024967,1.5229,53.4185
Social_IG,2025-11-16,17200,349,216.49,9,0.020291,0.6203,24.0544
Display_Programmatic,2025-11-17,31674,248,193.62,3,0.00783,0.7807,64.54
Email_Newsletter,2025-11-17,8920,378,191.01,22,0.042377,0.5053,8.6823
Search_Google,2025-11-17,13009,517,1421.81,27,0.039742,2.7501,52.6596
Social_FB,2025-11-17,14260,302,445.52,14,0.021178,1.4752,31.8229
Social_IG,2025-11-17,13936,276,156.78,10,0.019805,0.568,15.678
Display_Programmatic,2025-11-18,37000,377,164.53,6,0.010189,0.4364,27.4217
Email_Newsletter,2025-11-18,5633,187,143.56,8,0.033197,0.7677,17.945
Search_Google,2025-11-18,7220,403,811.43,17,0.055817,2.0135,47.7312
Social_FB,2025-11-18,20072,418,583.47,11,0.020825,1.3959,53.0427
Social_IG,2025-11-18,12336,129,84.1,2,0.010457,0.6519,42.05
Display_Programmatic,2025-11-19,29061,204,105.28,3,0.00702,0.5161,35.0933
Email_Newsletter,2025-11-19,6484,171,128.48,15,0.026373,0.7513,8.5653
Search_Google,2025-11-19,8816,419,1233.1,34,0.047527,2.943,36.2676
Social_FB,2025-11-19,21229,283,275.38,7,0.013331,0.9731,39.34
Social_IG,2025-11-19,18099,337,367.98,10,0.01862,1.0919,36.798
Display_Programmatic,2025-11-20,11663,61,39.02,1,0.00523,0.6397,39.02
Email_Newsletter,2025-11-20,3356,79,30.89,4,0.02354,0.391,7.7225
Search_Google,2025-11-20,9654,242,532.8,12,0.025067,2.2017,44.4
Social_FB,2025-11-20,10676,221,308.47,9,0.020701,1.3958,34.2744
Social_IG,2025-11-20,14705,238,248.11,8,0.016185,1.0425,31.0138
Display_Programmatic,2025-11-21,16648,158,118.02,2,0.009491,0.747,59.01
Email_Newsletter,2025-11-21,7834,208,110.19,14,0.026551,0.5298,7.8707
Search_Google,2025-11-21,12035,243,624.78,22,0.020191,2.5711,28.3991
Social_FB,2025-11-21,18571,244,167.42,11,0.013139,0.6861,15.22
Social_IG,2025-11-21,7644,136,181.37,6,0.017792,1.3336,30.2283
Display_Programmatic,2025-11-22,12167,111,88.5,2,0.009123,0.7973,44.25
Email_Newsletter,2025-11-22,4138,198,165.65,10,0.047849,0.8366,16.565
Search_Google,2025-11-22,9610,403,1132.66,19,0.041935,2.8106,59.6137
Social_FB,2025-11-22,13892,331,391.68,7,0.023827,1.1833,55.9543
Social_IG,2025-11-22,12756,197,156.51,3,0.015444,0.7945,52.17
Display_Programmatic,2025-11-23,28837,259,170.23,3,0.008982,0.6573,56.7433
Email_Newsletter,2025-11-23,4273,188,142.94,15,0.043997,0.7603,9.5293
Search_Google,2025-11-23,12504,625,2002.94,49,0.049984,3.2047,40.8763
Social_FB,2025-11-23,17663,216,318.05,9,0.012229,1.4725,35.3389
Social_IG,2025-11-23,15452,324,200.49,11,0.020968,0.6188,18.2264
Display_Programmatic,2025-11-24,37857,366,419.2,5,0.009668,1.1454,83.84
Email_Newsletter,2025-11-24,5459,157,43.33,16,0.02876,0.276,2.7081
Search_Google,2025-11-24,5590,187,624.5,8,0.033453,3.3396,78.0625
Social_FB,2025-11-24,13403,255,377.64,6,0.019026,1.4809,62.94
Social_IG,2025-11-24,8821,79,79.48,2,0.008956,1.0061,39.74
Display_Programmatic,2025-11-25,13646,72,37.33,1,0.005276,0.5185,37.33
Email_Newsletter,2025-11-25,5437,152,67.93,12,0.027957,0.4469,5.6608
Search_Google,2025-11-25,7329,358,1061.37,27,0.048847,2.9647,39.31
Social_FB,2025-11-25,14520,374,503.16,11,0.025758,1.3453,45.7418
Social_IG,2025-11-25,14263,205,202.47,6,0.014373,0.9877,33.745
Display_Programmatic,2025-11-26,12800,51,47.38,1,0.003984,0.929,47.38
Email_Newsletter,2025-11-26,4985,158,64.19,11,0.031695,0.4063,5.8355
Search_Google,2025-11-26,8918,206,743.78,8,0.023099,3.6106,92.9725
Social_FB,2025-11-26,9120,189,300.97,4,0.020724,1.5924,75.2425
Social_IG,2025-11-26,10094,181,192.17,3,0.017931,1.0617,64.0567
Display_Programmatic,2025-11-27,15610,175,130.87,2,0.011211,0.7478,65.435
Email_Newsletter,2025-11-27,5585,291,187.1,21,0.052104,0.643,8.9095
Search_Google,2025-11-27,11562,392,897.49,30,0.033904,2.2895,29.9163
Social_FB,2025-11-27,19034,209,272.88,6,0.01098,1.3056,45.48
Social_IG,2025-11-27,18602,179,245.57,5,0.009623,1.3719,49.114
Display_Programmatic,2025-11-28,16282,115,77.49,2,0.007063,0.6738,38.745
Email_Newsletter,2025-11-28,7723,361,158.81,19,0.046743,0.4399,8.3584
Search_Google,2025-11-28,8400,295,783.74,24,0.035119,2.6567,32.6558
Social_FB,2025-11-28,17609,235,211.61,6,0.013345,0.9005,35.2683
Social_IG,2025-11-28,8827,97,67.36,4,0.010989,0.6944,16.84
Display_Programmatic,2025-11-29,28041,228,181.67,4,0.008131,0.7968,45.4175
Email_Newsletter,2025-11-29,4107,224,186.38,20,0.054541,0.8321,9.319
Search_Google,2025-11-29,9249,270,319.46,19,0.029192,1.1832,16.8137
Social_FB,2025-11-29,22120,370,456.28,10,0.016727,1.2332,45.628
Social_IG,2025-11-29,18952,411,524.28,15,0.021686,1.2756,34.952
Display_Programmatic,2025-11-30,28032,294,269.27,3,0.010488,0.9159,89.7567
Email_Newsletter,2025-11-30,6541,198,140.54,23,0.030271,0.7098,6.1104
Search_Google,2025-11-30,9679,326,726.25,16,0.033681,2.2278,45.3906
Social_FB,2025-11-30,19858,203,153.17,4,0.010223,0.7545,38.2925
Social_IG,2025-11-30,8912,181,221.69,6,0.02031,1.2248,36.9483
Display_Programmatic,2025-12-01,21017,194,189.36,3,0.009231,0.9761,63.12
Email_Newsletter,2025-12-01,4126,166,104.1,11,0.040233,0.6271,9.4636
Search_Google,2025-12-01,10672,273,1035.42,22,0.025581,3.7927,47.0645
Social_FB,2025-12-01,22047,414,575.94,19,0.018778,1.3912,30.3126
Social_IG,2025-12-01,9159,139,157.49,5,0.015176,1.133,31.498
Display_Programmatic,2025-12-02,16601,160,124.12,1,0.009638,0.7758,124.12
Email_Newsletter,2025-12-02,2450,121,106.16,9,0.049388,0.8774,11.7956
Search_Google,2025-12-02,6911,250,564.61,19,0.036174,2.2584,29.7163
Social_FB,2025-12-02,15768,197,177.5,5,0.012494,0.901,35.5
Social_IG,2025-12-02,14621,240,179.04,8,0.016415,0.746,22.38
Display_Programmatic,2025-12-03,11864,109,61.38,1,0.009187,0.5631,61.38
Email_Newsletter,2025-12-03,3691,74,17.73,9,0.020049,0.2396,1.97
Search_Google,2025-12-03,4577,178,373.25,10,0.03889,2.0969,37.325
Social_FB,2025-12-03,11521,309,235.37,13,0.026821,0.7617,18.1054
Social_IG,2025-12-03,8620,171,221.99,6,0.019838,1.2982,36.9983
Display_Programmatic,2025-12-04,24197,224,178.84,2,0.009257,0.7984,89.42
Email_Newsletter,2025-12-04,7724,405,267.64,24,0.052434,0.6608,11.1517
Search_Google,2025-12-04,10221,487,903.6,40,0.047647,1.8554,22.59
Social_FB,2025-12-04,16146,201,201.37,10,0.012449,1.0018,20.137
Social_IG,2025-12-04,8438,181,206.53,6,0.021451,1.141,34.4217
Display_Programmatic,2025-12-05,13531,55,47.06,0,0.004065,0.8556,0.0
Email_Newsletter,2025-12-05,6253,214,167.11,19,0.034224,0.7809,8.7953
Search_Google,2025-12-05,8300,339,964.87,24,0.040843,2.8462,40.2029
Social_FB,2025-12-05,19416,236,177.19,10,0.012155,0.7508,17.719
Social_IG,2025-12-05,14778,314,425.61,9,0.021248,1.3554,47.29
Display_Programmatic,2025-12-06,21028,154,84.41,2,0.007324,0.5481,42.205
Email_Newsletter,2025-12-06,3519,112,75.66,9,0.031827,0.6755,8.4067
Search_Google,2025-12-06,8551,195,245.92,7,0.022804,1.2611,35.1314
Social_FB,2025-12-06,25231,655,509.39,25,0.02596,0.7777,20.3756
Social_IG,2025-12-06,10538,230,160.74,3,0.021826,0.6989,53.58
Display_Programmatic,2025-12-07,21299,177,182.94,3,0.00831,1.0336,60.98
Email_Newsletter,2025-12-07,7742,321,276.94,18,0.041462,0.8627,15.3856
Search_Google,2025-12-07,12656,597,2295.99,28,0.047171,3.8459,81.9996
Social_FB,2025-12-07,20857,342,295.82,9,0.016397,0.865,32.8689
Social_IG,2025-12-07,14950,178,99.11,7,0.011906,0.5568,14.1586
Display_Programmatic,2025-12-08,21465,141,117.19,2,0.006569,0.8311,58.595
Email_Newsletter,2025-12-08,6559,238,163.85,22,0.036286,0.6884,7.4477
Search_Google,2025-12-08,11374,326,905.31,21,0.028662,2.777,43.11
Social_FB,2025-12-08,17552,438,279.85,10,0.024954,0.6389,27.985
Social_IG,2025-12-08,7706,82,65.24,3,0.010641,0.7956,21.7467
Display_Programmatic,2025-12-09,17147,128,68.08,1,0.007465,0.5319,68.08
Email_Newsletter,2025-12-09,6480,354,293.82,18,0.05463,0.83,16.3233
Search_Google,2025-12-09,5407,169,212.08,8,0.031256,1.2549,26.51
Social_FB,2025-12-09,13558,277,396.91,6,0.020431,1.4329,66.1517
Social_IG,2025-12-09,16041,235,280.1,4,0.01465,1.1919,70.025
Display_Programmatic,2025-12-10,14084,66,70.67,1,0.004686,1.0708,70.67
Email_Newsletter,2025-12-10,7446,364,177.36,20,0.048885,0.4873,8.868
Search_Google,2025-12-10,11120,595,1806.43,44,0.053507,3.036,41.0552
Social_FB,2025-12-10,19762,439,404.15,16,0.022214,0.9206,25.2594
Social_IG,2025-12-10,13933,281,183.3,6,0.020168,0.6523,30.55
Display_Programmatic,2025-12-11,27184,86,83.35,1,0.003164,0.9692,83.35
Email_Newsletter,2025-12-11,4961,261,231.69,14,0.05261,0.8877,16.5493
Search_Google,2025-12-11,11696,531,1621.39,34,0.0454,3.0535,47.6879
Social_FB,2025-12-11,13209,132,173.49,5,0.009993,1.3143,34.698
Social_IG,2025-12-11,17456,210,297.84,7,0.01203,1.4183,42.5486
Display_Programmatic,2025-12-12,25279,262,87.66,2,0.010364,0.3346,43.83
Email_Newsletter,2025-12-12,7018,385,199.7,30,0.054859,0.5187,6.6567
Search_Google,2025-12-12,9423,412,594.76,23,0.043723,1.4436,25.8591
Social_FB,2025-12-12,22834,256,247.75,9,0.011211,0.9678,27.5278
Social_IG,2025-12-12,12779,258,369.42,11,0.020189,1.4319,33.5836
Display_Programmatic,2025-12-13,16673,111,55.79,2,0.006657,0.5026,27.895
Email_Newsletter,2025-12-13,4119,208,128.18,21,0.050498,0.6163,6.1038
Search_Google,2025-12-13,5191,300,849.16,17,0.057792,2.8305,49.9506
Social_FB,2025-12-13,17101,425,640.08,12,0.024852,1.5061,53.34
Social_IG,2025-12-13,9606,165,213.5,4,0.017177,1.2939,53.375
Display_Programmatic,2025-12-14,23000,120,59.44,2,0.005217,0.4953,29.72
Email_Newsletter,2025-12-14,6850,215,123.17,19,0.031387,0.5729,6.4826
Search_Google,2025-12-14,6703,184,225.76,11,0.02745,1.227,20.5236
Social_FB,2025-12-14,13302,155,164.88,4,0.011652,1.0637,41.22
Social_IG,2025-12-14,12011,201,124.02,4,0.016735,0.617,31.005
Display_Programmatic,2025-12-15,17467,55,27.42,1,0.003149,0.4985,27.42
Email_Newsletter,2025-12-15,3372,69,38.17,5,0.020463,0.5532,7.634
Search_Google,2025-12-15,5181,203,400.32,8,0.039182,1.972,50.04
Social_FB,2025-12-15,12927,237,253.92,9,0.018334,1.0714,28.2133
Social_IG,2025-12-15,15077,182,244.11,6,0.012071,1.3413,40.685
Display_Programmatic,2025-12-16,37242,293,304.85,5,0.007867,1.0404,60.97
Email_Newsletter,2025-12-16,5645,268,155.79,24,0.047476,0.5813,6.4912
Search_Google,2025-12-16,10152,253,710.47,21,0.024921,2.8082,33.8319
Social_FB,2025-12-16,22483,370,560.39,10,0.016457,1.5146,56.039
Social_IG,2025-12-16,16644,320,209.52,7,0.019226,0.6548,29.9314
Display_Programmatic,2025-12-17,29434,319,116.51,4,0.010838,0.3652,29.1275
Email_Newsletter,2025-12-17,4359,197,190.31,12,0.045194,0.966,15.8592
Search_Google,2025-12-17,5884,323,1183.63,15,0.054895,3.6645,78.9087
Social_FB,2025-12-17,8940,178,192.28,8,0.019911,1.0802,24.035
Social_IG,2025-12-17,11559,119,141.4,3,0.010295,1.1882,47.1333
Display_Programmatic,2025-12-18,16922,55,45.13,1,0.00325,0.8205,45.13
Email_Newsletter,2025-12-18,4994,174,117.88,11,0.034842,0.6775,10.7164
Search_Google,2025-12-18,7250,431,1513.81,16,0.059448,3.5123,94.6131
Social_FB,2025-12-18,19811,224,192.0,4,0.011307,0.8571,48.0
Social_IG,2025-12-18,12767,274,356.25,7,0.021462,1.3002,50.8929
Display_Programmatic,2025-12-19,13818,115,91.97,2,0.008322,0.7997,45.985
Email_Newsletter,2025-12-19,5788,195,83.79,23,0.03369,0.4297,3.643
Search_Google,2025-12-19,4935,180,397.3,7,0.036474,2.2072,56.7571
Social_FB,2025-12-19,24907,458,400.55,20,0.018388,0.8746,20.0275
Social_IG,2025-12-19,17558,364,294.42,7,0.020731,0.8088,42.06
Display_Programmatic,2025-12-20,33040,279,219.18,3,0.008444,0.7856,73.06
Email_Newsletter,2025-12-20,4347,210,164.33,19,0.048309,0.7825,8.6489
Search_Google,2025-12-20,10877,486,758.65,36,0.044681,1.561,21.0736
Social_FB,2025-12-20,22589,322,475.99,8,0.014255,1.4782,59.4988
Social_IG,2025-12-20,18658,285,355.63,7,0.015275,1.2478,50.8043
Display_Programmatic,2025-12-21,16347,50,43.96,1,0.003059,0.8792,43.96
Email_Newsletter,2025-12-21,7380,213,101.68,18,0.028862,0.4774,5.6489
Search_Google,2025-12-21,12893,559,1250.83,41,0.043357,2.2376,30.508
Social_FB,2025-12-21,10294,153,185.27,3,0.014863,1.2109,61.7567
Social_IG,2025-12-21,16973,288,190.98,6,0.016968,0.6631,31.83
Display_Programmatic,2025-12-22,27645,315,259.91,5,0.011394,0.8251,51.982
Email_Newsletter,2025-12-22,8090,396,243.18,38,0.048949,0.6141,6.3995
Search_Google,2025-12-22,10125,301,1084.83,24,0.029728,3.6041,45.2012
Social_FB,2025-12-22,17466,204,225.75,8,0.01168,1.1066,28.2188
Social_IG,2025-12-22,18235,211,287.53,7,0.011571,1.3627,41.0757
Display_Programmatic,2025-12-23,13210,77,47.41,1,0.005829,0.6157,47.41
Email_Newsletter,2025-12-23,3001,61,29.47,4,0.020327,0.4831,7.3675
Search_Google,2025-12-23,7797,258,889.26,19,0.03309,3.4467,46.8032
Social_FB,2025-12-23,13243,371,579.89,7,0.028015,1.563,82.8414
Social_IG,2025-12-23,20298,376,283.02,7,0.018524,0.7527,40.4314
Display_Programmatic,2025-12-24,12327,49,35.3,0,0.003975,0.7204,0.0
Email_Newsletter,2025-12-24,7819,323,260.92,33,0.04131,0.8078,7.9067
Search_Google,2025-12-24,12833,535,1942.62,47,0.041689,3.6311,41.3323
Social_FB,2025-12-24,13650,283,275.53,10,0.020733,0.9736,27.553
Social_IG,2025-12-24,17334,285,306.68,9,0.016442,1.0761,34.0756
Display_Programmatic,2025-12-25,42320,244,179.78,4,0.005766,0.7368,44.945
Email_Newsletter,2025-12-25,8697,392,365.42,29,0.045073,0.9322,12.6007
Search_Google,2025-12-25,5019,171,407.96,7,0.034071,2.3857,58.28
Social_FB,2025-12-25,23994,465,510.27,21,0.01938,1.0974,24.2986
Social_IG,2025-12-25,19885,409,513.87,9,0.020568,1.2564,57.0967
Display_Programmatic,2025-12-26,33116,253,245.62,4,0.00764,0.9708,61.405
Email_Newsletter,2025-12-26,7036,242,198.64,26,0.034395,0.8208,7.64
Search_Google,2025-12-26,9090,198,742.11,14,0.021782,3.748,53.0079
Social_FB,2025-12-26,18913,251,310.84,9,0.013271,1.2384,34.5378
Social_IG,2025-12-26,14023,149,127.99,6,0.010625,0.859,21.3317
Display_Programmatic,2025-12-27,14805,130,95.32,2,0.008781,0.7332,47.66
Email_Newsletter,2025-12-27,5120,216,71.78,11,0.042188,0.3323,6.5255
Search_Google,2025-12-27,4966,272,674.53,17,0.054772,2.4799,39.6782
Social_FB,2025-12-27,12186,178,250.76,5,0.014607,1.4088,50.152
Social_IG,2025-12-27,10240,198,133.24,7,0.019336,0.6729,19.0343
Display_Programmatic,2025-12-28,20474,215,88.78,3,0.010501,0.4129,29.5933
Email_Newsletter,2025-12-28,5826,296,172.77,28,0.050807,0.5837,6.1704
Search_Google,2025-12-28,5004,165,329.42,8,0.032974,1.9965,41.1775
Social_FB,2025-12-28,22487,277,372.99,6,0.012318,1.3465,62.165
Social_IG,2025-12-28,17932,337,377.36,7,0.018793,1.1198,53.9086
Display_Programmatic,2025-12-29,41580,125,135.91,1,0.003006,1.0873,135.91
Email_Newsletter,2025-12-29,2877,70,19.16,8,0.024331,0.2737,2.395
Search_Google,2025-12-29,8281,232,335.89,15,0.028016,1.4478,22.3927
Social_FB,2025-12-29,17275,232,223.47,5,0.01343,0.9632,44.694
Social_IG,2025-12-29,11436,208,126.83,6,0.018188,0.6098,21.1383
Display_Programmatic,2025-12-30,25826,206,133.04,2,0.007976,0.6458,66.52
Email_Newsletter,2025-12-30,5496,278,215.01,16,0.050582,0.7734,13.4381
Search_Google,2025-12-30,8650,252,542.01,14,0.029133,2.1508,38.715
Social_FB,2025-12-30,24466,474,340.79,18,0.019374,0.719,18.9328
Social_IG,2025-12-30,11704,193,124.28,6,0.01649,0.6439,20.7133
Display_Programmatic,2025-12-31,19607,86,93.31,1,0.004386,1.085,93.31
Email_Newsletter,2025-12-31,7185,351,303.88,19,0.048852,0.8658,15.9937
Search_Google,2025-12-31,7999,413,576.93,21,0.051631,1.3969,27.4729
Social_FB,2025-12-31,15118,383,555.42,9,0.025334,1.4502,61.7133
Social_IG,2025-12-31,16532,278,289.38,9,0.016816,1.0409,32.1533
Display_Programmatic,2026-01-01,14770,161,148.03,2,0.0109,0.9194,74.015
Email_Newsletter,2026-01-01,7632,318,104.18,30,0.041667,0.3276,3.4727
Search_Google,2026-01-01,13614,572,1298.73,50,0.042016,2.2705,25.9746
Social_FB,2026-01-01,16002,399,652.89,11,0.024934,1.6363,59.3536
Social_IG,2026-01-01,14686,193,104.9,3,0.013142,0.5435,34.9667
Display_Programmatic,2026-01-02,25701,308,243.9,5,0.011984,0.7919,48.78
Email_Newsletter,2026-01-02,3270,140,105.84,15,0.042813,0.756,7.056
Search_Google,2026-01-02,5595,180,507.18,7,0.032172,2.8177,72.4543
Social_FB,2026-01-02,18864,345,516.48,7,0.018289,1.497,73.7829
Social_IG,2026-01-02,11996,146,95.51,4,0.012171,0.6542,23.8775
Display_Programmatic,2026-01-03,43965,137,155.67,1,0.003116,1.1363,155.67
Email_Newsletter,2026-01-03,7502,161,69.9,12,0.021461,0.4342,5.825
Search_Google,2026-01-03,10350,315,495.34,24,0.030435,1.5725,20.6392
Social_FB,2026-01-03,26403,439,651.78,14,0.016627,1.4847,46.5557
Social_IG,2026-01-03,19773,425,280.05,9,0.021494,0.6589,31.1167
Display_Programmatic,2026-01-04,27301,101,102.43,1,0.003699,1.0142,102.43
Email_Newsletter,2026-01-04,4506,163,117.72,15,0.036174,0.7222,7.848
Search_Google,2026-01-04,6762,394,822.34,31,0.058267,2.0872,26.5271
Social_FB,2026-01-04,18620,236,316.06,7,0.012675,1.3392,45.1514
Social_IG,2026-01-04,19853,330,312.98,13,0.016622,0.9484,24.0754
Display_Programmatic,2026-01-05,26193,187,215.98,4,0.007139,1.155,53.995
Email_Newsletter,2026-01-05,5486,145,46.85,8,0.026431,0.3231,5.8562
Search_Google,2026-01-05,13361,696,905.22,28,0.052092,1.3006,32.3293
Social_FB,2026-01-05,17505,317,241.21,15,0.018109,0.7609,16.0807
Social_IG,2026-01-05,14385,252,162.63,4,0.017518,0.6454,40.6575
Display_Programmatic,2026-01-06,40831,298,167.29,6,0.007298,0.5614,27.8817
Email_Newsletter,2026-01-06,9367,509,333.45,46,0.05434,0.6551,7.2489
Search_Google,2026-01-06,15087,375,1237.31,26,0.024856,3.2995,47.5888
Social_FB,2026-01-06,21833,322,236.17,6,0.014748,0.7334,39.3617
Social_IG,2026-01-06,9111,173,245.85,4,0.018988,1.4211,61.4625
Display_Programmatic,2026-01-07,29692,315,177.19,6,0.010609,0.5625,29.5317
Email_Newsletter,2026-01-07,5440,295,172.96,30,0.054228,0.5863,5.7653
Search_Google,2026-01-07,5416,111,319.64,10,0.020495,2.8796,31.964
Social_FB,2026-01-07,27063,435,353.62,21,0.016074,0.8129,16.839
Social_IG,2026-01-07,13524,212,141.87,5,0.015676,0.6692,28.374
Display_Programmatic,2026-01-08,14432,109,87.15,1,0.007553,0.7995,87.15
Email_Newsletter,2026-01-08,9091,365,185.26,40,0.04015,0.5076,4.6315
Search_Google,2026-01-08,9259,241,572.22,13,0.026029,2.3744,44.0169
Social_FB,2026-01-08,20447,270,458.07,10,0.013205,1.6966,45.807
Social_IG,2026-01-08,20565,374,399.74,7,0.018186,1.0688,57.1057
Display_Programmatic,2026-01-09,25000,262,249.45,2,0.01048,0.9521,124.725
Email_Newsletter,2026-01-09,5628,262,146.37,28,0.046553,0.5587,5.2275
Search_Google,2026-01-09,7300,375,475.19,25,0.05137,1.2672,19.0076
Social_FB,2026-01-09,28391,791,831.8,17,0.027861,1.0516,48.9294
Social_IG,2026-01-09,20559,254,322.71,9,0.012355,1.2705,35.8567
Display_Programmatic,2026-01-10,15784,139,110.67,1,0.008806,0.7962,110.67
Email_Newsletter,2026-01-10,5622,123,80.27,10,0.021878,0.6526,8.027
Search_Google,2026-01-10,10725,292,695.94,16,0.027226,2.3834,43.4963
Social_FB,2026-01-10,11539,195,259.11,8,0.016899,1.3288,32.3888
Social_IG,2026-01-10,14782,199,211.33,5,0.013462,1.062,42.266
Display_Programmatic,2026-01-11,27004,308,210.32,5,0.011406,0.6829,42.064
Email_Newsletter,2026-01-11,8020,210,195.69,20,0.026185,0.9319,9.7845
Search_Google,2026-01-11,5431,189,648.51,7,0.0348,3.4313,92.6443
Social_FB,2026-01-11,17557,411,350.74,20,0.023409,0.8534,17.537
Social_IG,2026-01-11,16535,234,193.03,4,0.014152,0.8249,48.2575
Display_Programmatic,2026-01-12,17768,193,99.25,3,0.010862,0.5142,33.0833
Email_Newsletter,2026-01-12,3344,123,38.65,7,0.036782,0.3142,5.5214
Search_Google,2026-01-12,7577,309,1091.5,16,0.040781,3.5324,68.2188
Social_FB,2026-01-12,26343,535,413.12,20,0.020309,0.7722,20.656
Social_IG,2026-01-12,9498,98,104.54,3,0.010318,1.0667,34.8467
Display_Programmatic,2026-01-13,17311,91,83.47,1,0.005257,0.9173,83.47
Email_Newsletter,2026-01-13,2287,67,50.5,4,0.029296,0.7537,12.625
Search_Google,2026-01-13,11478,250,465.48,9,0.021781,1.8619,51.72
Social_FB,2026-01-13,10478,106,83.07,2,0.010116,0.7837,41.535
Social_IG,2026-01-13,12468,231,296.1,8,0.018527,1.2818,37.0125
Display_Programmatic,2026-01-14,17675,132,62.9,3,0.007468,0.4765,20.9667
Email_Newsletter,2026-01-14,4919,178,112.89,21,0.036186,0.6342,5.3757
Search_Google,2026-01-14,13825,795,1763.28,30,0.057505,2.218,58.776
Social_FB,2026-01-14,17254,454,509.83,10,0.026313,1.123,50.983
Social_IG,2026-01-14,18589,383,458.54,6,0.020604,1.1972,76.4233
Display_Programmatic,2026-01-15,24869,224,151.66,3,0.009007,0.6771,50.5533
Email_Newsletter,2026-01-15,5545,167,53.01,17,0.030117,0.3174,3.1182
Search_Google,2026-01-15,5898,226,395.1,14,0.038318,1.7482,28.2214
Social_FB,2026-01-15,9408,189,143.06,7,0.020089,0.7569,20.4371
Social_IG,2026-01-15,13819,216,224.38,8,0.015631,1.0388,28.0475
Display_Programmatic,2026-01-16,31517,314,125.2,2,0.009963,0.3987,62.6
Email_Newsletter,2026-01-16,4388,131,99.3,10,0.029854,0.758,9.93
Search_Google,2026-01-16,6106,162,601.44,8,0.026531,3.7126,75.18
Social_FB,2026-01-16,25402,278,215.83,12,0.010944,0.7764,17.9858
Social_IG,2026-01-16,19368,303,336.58,11,0.015644,1.1108,30.5982
Display_Programmatic,2026-01-17,28488,289,305.86,3,0.010145,1.0583,101.9533
Email_Newsletter,2026-01-17,7361,191,114.08,16,0.025948,0.5973,7.13
Search_Google,2026-01-17,8481,304,749.7,26,0.035845,2.4661,28.8346
Social_FB,2026-01-17,12986,311,252.1,15,0.023949,0.8106,16.8067
Social_IG,2026-01-17,13469,175,134.19,6,0.012993,0.7668,22.365
Display_Programmatic,2026-01-18,34511,155,99.2,3,0.004491,0.64,33.0667
Email_Newsletter,2026-01-18,3923,91,68.68,4,0.023197,0.7547,17.17
Search_Google,2026-01-18,11289,672,1059.88,41,0.059527,1.5772,25.8507
Social_FB,2026-01-18,9288,215,206.1,10,0.023148,0.9586,20.61
Social_IG,2026-01-18,13054,120,148.82,5,0.009193,1.2402,29.764
Display_Programmatic,2026-01-19,39719,155,69.49,1,0.003902,0.4483,69.49
Email_Newsletter,2026-01-19,7917,211,114.35,19,0.026652,0.5419,6.0184
Search_Google,2026-01-19,14542,803,1395.54,51,0.055219,1.7379,27.3635
Social_FB,2026-01-19,21782,554,655.09,24,0.025434,1.1825,27.2954
Social_IG,2026-01-19,15275,223,206.28,8,0.014599,0.925,25.785
Display_Programmatic,2026-01-20,21658,80,76.97,1,0.003694,0.9621,76.97
Email_Newsletter,2026-01-20,9041,248,114.1,12,0.027431,0.4601,9.5083
Search_Google,2026-01-20,14162,382,722.04,31,0.026974,1.8902,23.2916
Social_FB,2026-01-20,15864,399,645.89,13,0.025151,1.6188,49.6838
Social_IG,2026-01-20,16378,301,229.03,5,0.018378,0.7609,45.806
Display_Programmatic,2026-01-21,17554,205,194.26,2,0.011678,0.9476,97.13
Email_Newsletter,2026-01-21,5883,273,76.76,29,0.046405,0.2812,2.6469
Search_Google,2026-01-21,10977,572,708.33,35,0.052109,1.2383,20.238
Social_FB,2026-01-21,21011,456,261.47,21,0.021703,0.5734,12.451
Social_IG,2026-01-21,9049,129,167.74,4,0.014256,1.3003,41.935
Display_Programmatic,2026-01-22,32512,164,123.15,3,0.005044,0.7509,41.05
Email_Newsletter,2026-01-22,3760,187,126.44,18,0.049734,0.6761,7.0244
Search_Google,2026-01-22,5160,113,230.74,7,0.021899,2.0419,32.9629
Social_FB,2026-01-22,17504,351,407.61,13,0.020053,1.1613,31.3546
Social_IG,2026-01-22,15266,146,139.22,5,0.009564,0.9536,27.844
Display_Programmatic,2026-01-23,42400,345,226.91,5,0.008137,0.6577,45.382
Email_Newsletter,2026-01-23,6678,242,108.94,13,0.036238,0.4502,8.38
Search_Google,2026-01-23,7095,291,945.67,11,0.041015,3.2497,85.97
Social_FB,2026-01-23,20477,363,512.33,10,0.017727,1.4114,51.233
Social_IG,2026-01-23,8305,74,74.24,3,0.00891,1.0032,24.7467
Display_Programmatic,2026-01-24,21975,119,112.78,1,0.005415,0.9477,112.78
Email_Newsletter,2026-01-24,7372,303,122.85,34,0.041101,0.4054,3.6132
Search_Google,2026-01-24,13265,611,1757.49,53,0.046061,2.8764,33.1602
Social_FB,2026-01-24,25779,539,665.06,21,0.020908,1.2339,31.6695
Social_IG,2026-01-24,19411,339,266.12,6,0.017464,0.785,44.3533
Display_Programmatic,2026-01-25,37182,205,121.59,4,0.005513,0.5931,30.3975
Email_Newsletter,2026-01-25,4110,132,108.44,11,0.032117,0.8215,9.8582
Search_Google,2026-01-25,8767,338,591.36,20,0.038554,1.7496,29.568
Social_FB,2026-01-25,16523,347,282.12,9,0.021001,0.813,31.3467
Social_IG,2026-01-25,11528,230,305.79,4,0.019951,1.3295,76.4475
Display_Programmatic,2026-01-26,14637,158,147.97,1,0.010795,0.9365,147.97
Email_Newsletter,2026-01-26,5514,227,72.73,22,0.041168,0.3204,3.3059
Search_Google,2026-01-26,9768,316,1225.77,25,0.032351,3.879,49.0308
Social_FB,2026-01-26,21243,230,335.86,7,0.010827,1.4603,47.98
Social_IG,2026-01-26,16236,226,309.73,6,0.01392,1.3705,51.6217
Display_Programmatic,2026-01-27,17783,78,67.27,1,0.004386,0.8624,67.27
Email_Newsletter,2026-01-27,3756,84,26.8,7,0.022364,0.319,3.8286
Search_Google,2026-01-27,5770,252,767.35,9,0.043674,3.045,85.2611
Social_FB,2026-01-27,9803,172,108.72,7,0.017546,0.6321,15.5314
Social_IG,2026-01-27,8828,163,184.0,4,0.018464,1.1288,46.0
Display_Programmatic,2026-01-28,15277,77,53.84,1,0.00504,0.6992,53.84
Email_Newsletter,2026-01-28,7669,269,166.63,19,0.035076,0.6194,8.77
Search_Google,2026-01-28,5636,210,392.68,15,0.03726,1.8699,26.1787
Social_FB,2026-01-28,11295,212,129.44,8,0.018769,0.6106,16.18
Social_IG,2026-01-28,19359,213,249.15,6,0.011003,1.1697,41.525
Display_Programmatic,2026-01-29,26531,241,144.64,3,0.009084,0.6002,48.2133
Email_Newsletter,2026-01-29,6627,262,101.13,14,0.039535,0.386,7.2236
Search_Google,2026-01-29,6211,282,387.63,15,0.045403,1.3746,25.842
Social_FB,2026-01-29,21958,368,360.8,9,0.016759,0.9804,40.0889
Social_IG,2026-01-29,19259,360,304.26,15,0.018693,0.8452,20.284
Display_Programmatic,2026-01-30,33564,213,149.76,2,0.006346,0.7031,74.88
Email_Newsletter,2026-01-30,3608,177,83.17,21,0.049058,0.4699,3.9605
Search_Google,2026-01-30,7479,376,781.68,23,0.050274,2.0789,33.9861
Social_FB,2026-01-30,17651,185,285.76,6,0.010481,1.5446,47.6267
Social_IG,2026-01-30,17981,196,174.91,8,0.0109,0.8924,21.8638
Display_Programmatic,2026-01-31,36369,425,263.87,6,0.011686,0.6209,43.9783
Email_Newsletter,2026-01-31,3627,199,149.35,11,0.054866,0.7505,13.5773
Search_Google,2026-01-31,5664,274,712.12,12,0.048376,2.599,59.3433
Social_FB,2026-01-31,15404,369,401.65,18,0.023955,1.0885,22.3139
Social_IG,2026-01-31,14837,277,249.74,10,0.01867,0.9016,24.974
Display_Programmatic,2026-02-01,35312,218,85.97,3,0.006174,0.3944,28.6567
Email_Newsletter,2026-02-01,3843,94,42.83,10,0.02446,0.4556,4.283
Search_Google,2026-02-01,6862,286,1130.46,14,0.041679,3.9527,80.7471
Social_FB,2026-02-01,15002,418,519.26,19,0.027863,1.2422,27.3295
Social_IG,2026-02-01,13327,193,137.98,7,0.014482,0.7149,19.7114
Display_Programmatic,2026-02-02,35651,372,311.52,6,0.010434,0.8374,51.92
Email_Newsletter,2026-02-02,6055,332,85.86,16,0.054831,0.2586,5.3662
Search_Google,2026-02-02,7875,272,957.42,20,0.03454,3.5199,47.871
Social_FB,2026-02-02,16021,378,342.39,13,0.023594,0.9058,26.3377
Social_IG,2026-02-02,18106,196,173.35,7,0.010825,0.8844,24.7643
Display_Programmatic,2026-02-03,25716,226,141.03,4,0.008788,0.624,35.2575
Email_Newsletter,2026-02-03,4012,215,199.29,10,0.053589,0.9269,19.929
Search_Google,2026-02-03,9077,431,1228.8,32,0.047483,2.851,38.4
Social_FB,2026-02-03,25357,661,977.87,13,0.026068,1.4794,75.2208
Social_IG,2026-02-03,21409,462,566.43,10,0.02158,1.226,56.643
Display_Programmatic,2026-02-04,28373,261,153.15,2,0.009199,0.5868,76.575
Email_Newsletter,2026-02-04,3486,168,53.55,20,0.048193,0.3188,2.6775
Search_Google,2026-02-04,8434,405,941.12,17,0.04802,2.3238,55.36
Social_FB,2026-02-04,20337,220,255.06,6,0.010818,1.1594,42.51
Social_IG,2026-02-04,11491,213,247.0,8,0.018536,1.1596,30.875
Display_Programmatic,2026-02-05,19675,219,149.31,2,0.011131,0.6818,74.655
Email_Newsletter,2026-02-05,9221,500,247.85,45,0.054224,0.4957,5.5078
Search_Google,2026-02-05,7848,428,799.55,24,0.054536,1.8681,33.3146
Social_FB,2026-02-05,15843,406,305.75,16,0.025626,0.7531,19.1094
Social_IG,2026-02-05,16182,290,175.77,5,0.017921,0.6061,35.154
Display_Programmatic,2026-02-06,21026,230,199.0,4,0.010939,0.8652,49.75
Email_Newsletter,2026-02-06,6992,140,38.14,12,0.020023,0.2724,3.1783
Search_Google,2026-02-06,5905,152,290.97,12,0.025741,1.9143,24.2475
Social_FB,2026-02-06,21140,524,654.03,19,0.024787,1.2481,34.4226
Social_IG,2026-02-06,11759,133,107.47,3,0.01131,0.808,35.8233
Display_Programmatic,2026-02-07,42094,481,196.82,7,0.011427,0.4092,28.1171
Email_Newsletter,2026-02-07,4770,160,105.35,15,0.033543,0.6584,7.0233
Search_Google,2026-02-07,10801,557,1382.87,47,0.051569,2.4827,29.4228
Social_FB,2026-02-07,24761,249,326.35,6,0.010056,1.3106,54.3917
Social_IG,2026-02-07,15893,311,339.62,6,0.019568,1.092,56.6033
Display_Programmatic,2026-02-08,14809,72,42.36,1,0.004862,0.5883,42.36
Email_Newsletter,2026-02-08,7199,191,103.14,17,0.026531,0.54,6.0671
Search_Google,2026-02-08,6161,246,850.16,14,0.039929,3.4559,60.7257
Social_FB,2026-02-08,26699,355,267.15,10,0.013296,0.7525,26.715
Social_IG,2026-02-08,13023,159,198.25,3,0.012209,1.2469,66.0833
Display_Programmatic,2026-02-09,23784,81,82.07,1,0.003406,1.0132,82.07
Email_Newsletter,2026-02-09,7750,182,79.06,18,0.023484,0.4344,4.3922
Search_Google,2026-02-09,13787,494,902.59,37,0.035831,1.8271,24.3943
Social_FB,2026-02-09,11130,155,182.39,6,0.013926,1.1767,30.3983
Social_IG,2026-02-09,8851,186,235.51,3,0.021015,1.2662,78.5033
Display_Programmatic,2026-02-10,37819,156,152.1,1,0.004125,0.975,152.1
Email_Newsletter,2026-02-10,4604,121,55.31,9,0.026281,0.4571,6.1456
Search_Google,2026-02-10,9240,353,593.9,18,0.038203,1.6824,32.9944
Social_FB,2026-02-10,14802,258,261.6,9,0.01743,1.014,29.0667
Social_IG,2026-02-10,11247,132,160.17,5,0.011736,1.2134,32.034
Display_Programmatic,2026-02-11,41617,462,496.47,7,0.011101,1.0746,70.9243
Email_Newsletter,2026-02-11,6458,298,92.02,24,0.046144,0.3088,3.8342
Search_Google,2026-02-11,9980,531,998.69,36,0.053206,1.8808,27.7414
Social_FB,2026-02-11,14564,204,242.45,8,0.014007,1.1885,30.3062
Social_IG,2026-02-11,15113,258,305.88,11,0.017071,1.1856,27.8073
Display_Programmatic,2026-02-12,13971,161,145.45,2,0.011524,0.9034,72.725
Email_Newsletter,2026-02-12,2840,127,40.89,6,0.044718,0.322,6.815
Search_Google,2026-02-12,11862,539,1542.17,30,0.045439,2.8612,51.4057
Social_FB,2026-02-12,27426,455,344.4,11,0.01659,0.7569,31.3091
Social_IG,2026-02-12,7508,149,125.97,4,0.019845,0.8454,31.4925
Display_Programmatic,2026-02-13,18511,199,209.97,3,0.01075,1.0551,69.99
Email_Newsletter,2026-02-13,6850,376,195.25,32,0.054891,0.5193,6.1016
Search_Google,2026-02-13,7741,390,650.04,25,0.050381,1.6668,26.0016
Social_FB,2026-02-13,16186,229,226.83,4,0.014148,0.9905,56.7075
Social_IG,2026-02-13,20587,234,248.42,7,0.011366,1.0616,35.4886
Display_Programmatic,2026-02-14,40071,464,316.48,9,0.011579,0.6821,35.1644
Email_Newsletter,2026-02-14,5468,247,169.54,16,0.045172,0.6864,10.5962
Search_Google,2026-02-14,5571,288,1130.13,24,0.051696,3.9241,47.0888
Social_FB,2026-02-14,18355,508,434.7,18,0.027676,0.8557,24.15
Social_IG,2026-02-14,15438,162,84.73,3,0.010494,0.523,28.2433
Display_Programmatic,2026-02-15,18050,95,65.92,1,0.005263,0.6939,65.92
Email_Newsletter,2026-02-15,3764,91,49.43,6,0.024176,0.5432,8.2383
Search_Google,2026-02-15,12882,372,1316.44,20,0.028878,3.5388,65.822
Social_FB,2026-02-15,21871,597,886.53,25,0.027296,1.485,35.4612
Social_IG,2026-02-15,9643,78,100.58,2,0.008089,1.2895,50.29
Display_Programmatic,2026-02-16,33064,107,94.29,2,0.003236,0.8812,47.145
Email_Newsletter,2026-02-16,3829,100,46.51,11,0.026116,0.4651,4.2282
Search_Google,2026-02-16,7896,289,1087.87,24,0.036601,3.7643,45.3279
Social_FB,2026-02-16,18726,218,142.9,4,0.011642,0.6555,35.725
Social_IG,2026-02-16,11263,146,113.08,5,0.012963,0.7745,22.616
Display_Programmatic,2026-02-17,45478,220,128.19,2,0.004838,0.5827,64.095
Email_Newsletter,2026-02-17,9474,258,81.48,13,0.027232,0.3158,6.2677
Search_Google,2026-02-17,14265,525,1286.13,41,0.036803,2.4498,31.369
Social_FB,2026-02-17,25485,585,588.44,21,0.022955,1.0059,28.021
Social_IG,2026-02-17,22183,265,372.13,7,0.011946,1.4043,53.1614
Display_Programmatic,2026-02-18,15212,46,32.02,1,0.003024,0.6961,32.02
Email_Newsletter,2026-02-18,3783,102,26.05,6,0.026963,0.2554,4.3417
Search_Google,2026-02-18,10804,341,765.67,29,0.031562,2.2454,26.4024
Social_FB,2026-02-18,22341,556,771.67,11,0.024887,1.3879,70.1518
Social_IG,2026-02-18,16117,277,362.47,5,0.017187,1.3086,72.494
Display_Programmatic,2026-02-19,35898,399,453.11,7,0.011115,1.1356,64.73
Email_Newsletter,2026-02-19,7411,289,142.64,16,0.038996,0.4936,8.915
Search_Google,2026-02-19,7891,416,752.2,20,0.052718,1.8082,37.61
Social_FB,2026-02-19,16123,176,166.54,4,0.010916,0.9462,41.635
Social_IG,2026-02-19,21454,394,349.44,15,0.018365,0.8869,23.296
Display_Programmatic,2026-02-20,35370,163,147.25,1,0.004608,0.9034,147.25
Email_Newsletter,2026-02-20,8681,395,177.75,43,0.045502,0.45,4.1337
Search_Google,2026-02-20,10649,430,1643.39,24,0.040379,3.8218,68.4746
Social_FB,2026-02-20,19722,535,472.32,10,0.027127,0.8828,47.232
Social_IG,2026-02-20,14740,248,266.46,5,0.016825,1.0744,53.292
Display_Programmatic,2026-02-21,13418,55,47.18,1,0.004099,0.8578,47.18
Email_Newsletter,2026-02-21,7095,200,158.1,20,0.028189,0.7905,7.905
Search_Google,2026-02-21,7401,381,782.45,29,0.05148,2.0537,26.981
Social_FB,2026-02-21,12887,283,212.54,7,0.02196,0.751,30.3629
Social_IG,2026-02-21,8590,136,130.46,6,0.015832,0.9593,21.7433
Display_Programmatic,2026-02-22,28592,300,111.09,6,0.010492,0.3703,18.515
Email_Newsletter,2026-02-22,3126,65,24.14,5,0.020793,0.3714,4.828
Search_Google,2026-02-22,9087,426,807.33,34,0.04688,1.8951,23.745
Social_FB,2026-02-22,11237,136,191.79,7,0.012103,1.4102,27.3986
Social_IG,2026-02-22,12762,126,84.12,5,0.009873,0.6676,16.824
Display_Programmatic,2026-02-23,26528,127,109.62,2,0.004787,0.8631,54.81
Email_Newsletter,2026-02-23,9106,270,225.21,21,0.029651,0.8341,10.7243
Search_Google,2026-02-23,7693,271,913.36,24,0.035227,3.3703,38.0567
Social_FB,2026-02-23,21446,553,460.68,21,0.025786,0.8331,21.9371
Social_IG,2026-02-23,7632,107,83.61,4,0.01402,0.7814,20.9025
Display_Programmatic,2026-02-24,16036,69,35.33,1,0.004303,0.512,35.33
Email_Newsletter,2026-02-24,8619,262,171.46,14,0.030398,0.6544,12.2471
Search_Google,2026-02-24,10687,420,841.23,21,0.0393,2.0029,40.0586
Social_FB,2026-02-24,25771,512,567.05,25,0.019867,1.1075,22.682
Social_IG,2026-02-24,20674,288,247.97,7,0.013931,0.861,35.4243
Display_Programmatic,2026-02-25,37826,322,316.06,3,0.008513,0.9816,105.3533
Email_Newsletter,2026-02-25,4099,166,113.88,16,0.040498,0.686,7.1175
Search_Google,2026-02-25,10521,462,1600.08,38,0.043912,3.4634,42.1074
Social_FB,2026-02-25,27389,406,614.83,8,0.014823,1.5144,76.8538
Social_IG,2026-02-25,11794,169,178.34,6,0.014329,1.0553,29.7233
Display_Programmatic,2026-02-26,17023,130,137.55,2,0.007637,1.0581,68.775
Email_Newsletter,2026-02-26,7208,305,205.55,19,0.042314,0.6739,10.8184
Search_Google,2026-02-26,8676,482,1684.09,19,0.055556,3.494,88.6363
Social_FB,2026-02-26,9862,269,371.15,8,0.027276,1.3797,46.3938
Social_IG,2026-02-26,16253,179,181.44,6,0.011013,1.0136,30.24
Display_Programmatic,2026-02-27,40458,243,155.53,4,0.006006,0.64,38.8825
Email_Newsletter,2026-02-27,5194,203,137.61,12,0.039084,0.6779,11.4675
Search_Google,2026-02-27,10184,502,1395.01,34,0.049293,2.7789,41.0297
Social_FB,2026-02-27,21344,551,327.1,23,0.025815,0.5936,14.2217
Social_IG,2026-02-27,14021,115,149.76,2,0.008202,1.3023,74.88
Display_Programmatic,2026-02-28,33316,250,120.03,3,0.007504,0.4801,40.01
Email_Newsletter,2026-02-28,2805,85,21.9,7,0.030303,0.2576,3.1286
Search_Google,2026-02-28,8495,324,619.46,23,0.03814,1.9119,26.933
Social_FB,2026-02-28,10610,253,214.16,8,0.023845,0.8465,26.77
Social_IG,2026-02-28,7987,94,126.93,2,0.011769,1.3503,63.465
Display_Programmatic,2026-03-01,17563,183,162.64,2,0.01042,0.8887,81.32
Email_Newsletter,2026-03-01,5612,161,94.71,13,0.028689,0.5883,7.2854
Search_Google,2026-03-01,11498,467,1776.45,37,0.040616,3.804,48.0122
Social_FB,2026-03-01,20746,228,329.31,8,0.01099,1.4443,41.1638
Social_IG,2026-03-01,19175,345,330.87,5,0.017992,0.959,66.174
Display_Programmatic,2026-03-02,16717,179,185.44,3,0.010708,1.036,61.8133
Email_Newsletter,2026-03-02,6286,260,171.14,15,0.041362,0.6582,11.4093
Search_Google,2026-03-02,16088,903,2976.1,35,0.056129,3.2958,85.0314
Social_FB,2026-03-02,17669,440,649.84,11,0.024902,1.4769,59.0764
Social_IG,2026-03-02,22997,298,427.01,9,0.012958,1.4329,47.4456
Display_Programmatic,2026-03-03,35004,217,113.02,2,0.006199,0.5208,56.51
Email_Newsletter,2026-03-03,6460,200,79.25,12,0.03096,0.3962,6.6042
Search_Google,2026-03-03,9391,318,1048.61,18,0.033862,3.2975,58.2561
Social_FB,2026-03-03,22010,373,399.83,13,0.016947,1.0719,30.7562
Social_IG,2026-03-03,8029,145,136.66,5,0.01806,0.9425,27.332
Display_Programmatic,2026-03-04,20477,153,111.95,3,0.007472,0.7317,37.3167
Email_Newsletter,2026-03-04,10103,275,219.85,20,0.02722,0.7995,10.9925
Search_Google,2026-03-04,10192,559,1368.62,39,0.054847,2.4483,35.0928
Social_FB,2026-03-04,22869,458,476.5,14,0.020027,1.0404,34.0357
Social_IG,2026-03-04,25276,348,246.39,12,0.013768,0.708,20.5325
Display_Programmatic,2026-03-05,12973,141,61.11,1,0.010869,0.4334,61.11
Email_Newsletter,2026-03-05,8111,290,248.24,17,0.035754,0.856,14.6024
Search_Google,2026-03-05,14379,293,801.76,22,0.020377,2.7364,36.4436
Social_FB,2026-03-05,10184,276,353.92,12,0.027101,1.2823,29.4933
Social_IG,2026-03-05,16022,235,263.26,7,0.014667,1.1203,37.6086
Display_Programmatic,2026-03-06,37941,262,197.16,5,0.006905,0.7525,39.432
Email_Newsletter,2026-03-06,8788,197,131.73,20,0.022417,0.6687,6.5865
Search_Google,2026-03-06,13928,583,1392.12,52,0.041858,2.3879,26.7715
Social_FB,2026-03-06,14150,306,259.09,6,0.021625,0.8467,43.1817
Social_IG,2026-03-06,11122,226,245.55,6,0.02032,1.0865,40.925
Display_Programmatic,2026-03-07,41754,427,200.35,6,0.010227,0.4692,33.3917
Email_Newsletter,2026-03-07,2763,127,50.89,7,0.045965,0.4007,7.27
Search_Google,2026-03-07,10503,238,677.39,18,0.02266,2.8462,37.6328
Social_FB,2026-03-07,12919,282,165.15,11,0.021828,0.5856,15.0136
Social_IG,2026-03-07,17685,350,359.32,9,0.019791,1.0266,39.9244
Display_Programmatic,2026-03-08,25220,172,120.36,3,0.00682,0.6998,40.12
Email_Newsletter,2026-03-08,5729,232,124.64,13,0.040496,0.5372,9.5877
Search_Google,2026-03-08,5075,180,308.8,12,0.035468,1.7156,25.7333
Social_FB,2026-03-08,22256,465,676.04,15,0.020893,1.4538,45.0693
Social_IG,2026-03-08,14353,242,239.22,5,0.016861,0.9885,47.844
Display_Programmatic,2026-03-09,25034,179,176.01,4,0.00715,0.9833,44.0025
Email_Newsletter,2026-03-09,9938,327,85.63,25,0.032904,0.2619,3.4252
Search_Google,2026-03-09,5998,263,808.39,13,0.043848,3.0737,62.1838
Social_FB,2026-03-09,18238,444,556.37,12,0.024345,1.2531,46.3642
Social_IG,2026-03-09,10759,199,209.6,4,0.018496,1.0533,52.4
Display_Programmatic,2026-03-10,24396,145,146.6,2,0.005944,1.011,73.3
Email_Newsletter,2026-03-10,7765,282,123.42,25,0.036317,0.4377,4.9368
Search_Google,2026-03-10,7673,403,1577.94,30,0.052522,3.9155,52.598
Social_FB,2026-03-10,13601,346,341.84,15,0.025439,0.988,22.7893
Social_IG,2026-03-10,20937,263,387.11,10,0.012561,1.4719,38.711
Display_Programmatic,2026-03-11,29367,90,58.93,2,0.003065,0.6548,29.465
Email_Newsletter,2026-03-11,6869,277,204.75,33,0.040326,0.7392,6.2045
Search_Google,2026-03-11,5368,241,331.02,19,0.044896,1.3735,17.4221
Social_FB,2026-03-11,11740,122,171.34,4,0.010392,1.4044,42.835
Social_IG,2026-03-11,21136,193,101.4,5,0.009131,0.5254,20.28
Display_Programmatic,2026-03-12,32607,204,94.31,4,0.006256,0.4623,23.5775
Email_Newsletter,2026-03-12,3577,134,96.79,13,0.037462,0.7223,7.4454
Search_Google,2026-03-12,10123,389,1047.23,34,0.038427,2.6921,30.8009
Social_FB,2026-03-12,14974,303,292.44,14,0.020235,0.9651,20.8886
Social_IG,2026-03-12,9973,153,230.12,3,0.015341,1.5041,76.7067
Display_Programmatic,2026-03-13,15706,144,128.14,3,0.009168,0.8899,42.7133
Email_Newsletter,2026-03-13,7897,200,91.88,18,0.025326,0.4594,5.1044
Search_Google,2026-03-13,10791,552,1759.39,38,0.051154,3.1873,46.2997
Social_FB,2026-03-13,11852,152,174.44,6,0.012825,1.1476,29.0733
Social_IG,2026-03-13,23536,338,407.48,11,0.014361,1.2056,37.0436
Display_Programmatic,2026-03-14,18552,190,75.35,4,0.010241,0.3966,18.8375
Email_Newsletter,2026-03-14,10131,416,375.01,38,0.041062,0.9015,9.8687
Search_Google,2026-03-14,14176,837,1912.53,61,0.059043,2.285,31.353
Social_FB,2026-03-14,24708,560,496.58,11,0.022665,0.8868,45.1436
Social_IG,2026-03-14,11362,231,246.63,9,0.020331,1.0677,27.4033
Display_Programmatic,2026-03-15,41980,326,146.52,6,0.007766,0.4494,24.42
Email_Newsletter,2026-03-15,8190,244,109.91,26,0.029792,0.4505,4.2273
Search_Google,2026-03-15,16131,625,873.07,31,0.038745,1.3969,28.1635
Social_FB,2026-03-15,28434,319,478.18,16,0.011219,1.499,29.8862
Social_IG,2026-03-15,19323,178,104.48,5,0.009212,0.587,20.896
Display_Programmatic,2026-03-16,14140,107,84.99,1,0.007567,0.7943,84.99
Email_Newsletter,2026-03-16,8581,435,382.92,34,0.050693,0.8803,11.2624
Search_Google,2026-03-16,12813,618,993.99,43,0.048232,1.6084,23.116
Social_FB,2026-03-16,13975,232,225.35,7,0.016601,0.9713,32.1929
Social_IG,2026-03-16,20278,392,349.46,7,0.019331,0.8915,49.9229
Display_Programmatic,2026-03-17,20528,152,109.62,2,0.007405,0.7212,54.81
Email_Newsletter,2026-03-17,4008,172,125.59,9,0.042914,0.7302,13.9544
Search_Google,2026-03-17,12316,309,1055.56,20,0.025089,3.4161,52.778
Social_FB,2026-03-17,20765,313,243.06,9,0.015073,0.7765,27.0067
Social_IG,2026-03-17,8081,140,175.49,5,0.017325,1.2535,35.098
Display_Programmatic,2026-03-18,14117,151,150.14,1,0.010696,0.9943,150.14
Email_Newsletter,2026-03-18,5549,286,181.16,26,0.051541,0.6334,6.9677
Search_Google,2026-03-18,11171,470,1305.55,26,0.042073,2.7778,50.2135
Social_FB,2026-03-18,24737,303,449.56,7,0.012249,1.4837,64.2229
Social_IG,2026-03-18,12677,232,296.22,7,0.018301,1.2768,42.3171
Display_Programmatic,2026-03-19,39720,213,224.08,1,0.005363,1.052,224.08
Email_Newsletter,2026-03-19,3354,111,47.51,7,0.033095,0.428,6.7871
Search_Google,2026-03-19,9568,201,517.24,10,0.021008,2.5733,51.724
Social_FB,2026-03-19,28428,686,1123.35,18,0.024131,1.6375,62.4083
Social_IG,2026-03-19,17215,272,319.03,10,0.0158,1.1729,31.903
Display_Programmatic,2026-03-20,13589,155,136.75,2,0.011406,0.8823,68.375
Email_Newsletter,2026-03-20,8225,173,82.07,10,0.021033,0.4744,8.207
Search_Google,2026-03-20,6571,172,406.48,11,0.026176,2.3633,36.9527
Social_FB,2026-03-20,15254,405,347.01,8,0.02655,0.8568,43.3762
Social_IG,2026-03-20,19783,376,218.44,12,0.019006,0.581,18.2033
Display_Programmatic,2026-03-21,30993,309,162.37,6,0.00997,0.5255,27.0617
Email_Newsletter,2026-03-21,8178,272,143.17,29,0.03326,0.5264,4.9369
Search_Google,2026-03-21,7852,407,702.4,31,0.051834,1.7258,22.6581
Social_FB,2026-03-21,16354,361,470.32,12,0.022074,1.3028,39.1933
Social_IG,2026-03-21,18274,155,150.97,5,0.008482,0.974,30.194
Display_Programmatic,2026-03-22,42609,384,215.44,7,0.009012,0.561,30.7771
Email_Newsletter,2026-03-22,6403,171,113.85,11,0.026706,0.6658,10.35
Search_Google,2026-03-22,15619,489,939.37,28,0.031308,1.921,33.5489
Social_FB,2026-03-22,22011,441,676.6,20,0.020035,1.5342,33.83
Social_IG,2026-03-22,21981,196,247.69,3,0.008917,1.2637,82.5633
Display_Programmatic,2026-03-23,24431,279,187.77,2,0.01142,0.673,93.885
Email_Newsletter,2026-03-23,6483,167,115.38,11,0.02576,0.6909,10.4891
Search_Google,2026-03-23,11087,257,473.9,15,0.02318,1.844,31.5933
Social_FB,2026-03-23,22443,337,490.79,9,0.015016,1.4564,54.5322
Social_IG,2026-03-23,11077,173,167.04,4,0.015618,0.9655,41.76
Display_Programmatic,2026-03-24,25309,133,129.77,2,0.005255,0.9757,64.885
Email_Newsletter,2026-03-24,7115,369,250.45,25,0.051862,0.6787,10.018
Search_Google,2026-03-24,10368,521,610.32,20,0.050251,1.1714,30.516
Social_FB,2026-03-24,17620,335,369.28,9,0.019012,1.1023,41.0311
Social_IG,2026-03-24,17429,297,202.7,7,0.017041,0.6825,28.9571
Display_Programmatic,2026-03-25,38234,303,191.57,6,0.007925,0.6322,31.9283
Email_Newsletter,2026-03-25,4341,175,144.27,9,0.040313,0.8244,16.03
Search_Google,2026-03-25,4595,117,338.56,9,0.025462,2.8937,37.6178
Social_FB,2026-03-25,13319,359,553.3,13,0.026954,1.5412,42.5615
Social_IG,2026-03-25,20107,368,293.62,11,0.018302,0.7979,26.6927
Display_Programmatic,2026-03-26,15616,139,56.79,2,0.008901,0.4086,28.395
Email_Newsletter,2026-03-26,3561,164,66.81,14,0.046054,0.4074,4.7721
Search_Google,2026-03-26,8857,257,861.02,22,0.029017,3.3503,39.1373
Social_FB,2026-03-26,20355,323,483.88,6,0.015868,1.4981,80.6467
Social_IG,2026-03-26,9509,89,72.01,2,0.00936,0.8091,36.005
Display_Programmatic,2026-03-27,25905,96,86.56,2,0.003706,0.9017,43.28
Email_Newsletter,2026-03-27,10161,320,97.62,19,0.031493,0.3051,5.1379
Search_Google,2026-03-27,8381,252,566.54,17,0.030068,2.2482,33.3259
Social_FB,2026-03-27,21530,591,525.01,19,0.02745,0.8883,27.6321
Social_IG,2026-03-27,10383,87,69.01,3,0.008379,0.7932,23.0033
Display_Programmatic,2026-03-28,19471,87,95.16,1,0.004468,1.0938,95.16
Email_Newsletter,2026-03-28,8410,417,170.23,26,0.049584,0.4082,6.5473
Search_Google,2026-03-28,14745,543,1928.74,37,0.036826,3.552,52.1281
Social_FB,2026-03-28,18318,243,298.54,5,0.013266,1.2286,59.708
Social_IG,2026-03-28,8584,124,157.8,3,0.014445,1.2726,52.6
Display_Programmatic,2026-03-29,24800,136,78.01,1,0.005484,0.5736,78.01
Email_Newsletter,2026-03-29,9136,447,223.09,22,0.048927,0.4991,10.1405
Search_Google,2026-03-29,6105,148,347.15,8,0.024242,2.3456,43.3938
Social_FB,2026-03-29,26388,578,558.75,12,0.021904,0.9667,46.5625
Social_IG,2026-03-29,16537,350,286.37,6,0.021165,0.8182,47.7283
Display_Programmatic,2026-03-30,31975,306,148.44,5,0.00957,0.4851,29.688
Email_Newsletter,2026-03-30,4967,246,130.32,19,0.049527,0.5298,6.8589
Search_Google,2026-03-30,9508,225,309.1,12,0.023664,1.3738,25.7583
Social_FB,2026-03-30,15414,423,407.65,11,0.027443,0.9637,37.0591
Social_IG,2026-03-30,15236,321,358.49,13,0.021069,1.1168,27.5762
Display_Programmatic,2026-03-31,24709,151,154.44,2,0.006111,1.0228,77.22
Email_Newsletter,2026-03-31,7646,255,145.61,23,0.033351,0.571,6.3309
Search_Google,2026-03-31,9596,466,918.93,34,0.048562,1.972,27.0274
Social_FB,2026-03-31,20401,363,404.52,9,0.017793,1.1144,44.9467
Social_IG,2026-03-31,19161,307,173.87,7,0.016022,0.5664,24.8386
Display_Programmatic,2026-04-01,23323,239,110.06,2,0.010247,0.4605,55.03
Email_Newsletter,2026-04-01,4067,115,98.11,5,0.028276,0.8531,19.622
Search_Google,2026-04-01,6539,246,783.87,19,0.03762,3.1865,41.2563
Social_FB,2026-04-01,22305,600,706.8,14,0.0269,1.178,50.4857
Social_IG,2026-04-01,9391,147,96.4,4,0.015653,0.6558,24.1
Display_Programmatic,2026-04-02,28737,180,59.97,3,0.006264,0.3332,19.99
Email_Newsletter,2026-04-02,4877,194,65.6,20,0.039779,0.3381,3.28
Search_Google,2026-04-02,11409,233,435.48,18,0.020422,1.869,24.1933
Social_FB,2026-04-02,12057,309,295.4,15,0.025628,0.956,19.6933
Social_IG,2026-04-02,12571,174,231.42,3,0.013841,1.33,77.14
Display_Programmatic,2026-04-03,36145,217,154.77,3,0.006004,0.7132,51.59
Email_Newsletter,2026-04-03,7380,201,171.3,14,0.027236,0.8522,12.2357
Search_Google,2026-04-03,11299,376,1359.46,27,0.033277,3.6156,50.3504
Social_FB,2026-04-03,22894,321,486.6,8,0.014021,1.5159,60.825
Social_IG,2026-04-03,12089,129,135.88,2,0.010671,1.0533,67.94
Display_Programmatic,2026-04-04,27125,138,75.45,2,0.005088,0.5467,37.725
Email_Newsletter,2026-04-04,2857,124,60.06,13,0.043402,0.4844,4.62
Search_Google,2026-04-04,14595,862,1748.82,47,0.059061,2.0288,37.2089
Social_FB,2026-04-04,25493,378,393.38,11,0.014828,1.0407,35.7618
Social_IG,2026-04-04,15229,298,261.97,9,0.019568,0.8791,29.1078
Display_Programmatic,2026-04-05,29890,256,190.7,4,0.008565,0.7449,47.675
Email_Newsletter,2026-04-05,2876,101,31.87,7,0.035118,0.3155,4.5529
Search_Google,2026-04-05,7298,230,641.02,14,0.031515,2.787,45.7871
Social_FB,2026-04-05,21556,247,201.4,12,0.011459,0.8154,16.7833
Social_IG,2026-04-05,8564,89,107.22,2,0.010392,1.2047,53.61
Display_Programmatic,2026-04-06,22991,136,110.43,2,0.005915,0.812,55.215
Email_Newsletter,2026-04-06,8610,174,82.08,8,0.020209,0.4717,10.26
Search_Google,2026-04-06,16414,368,570.43,19,0.02242,1.5501,30.0226
Social_FB,2026-04-06,26980,524,563.33,14,0.019422,1.0751,40.2379
Social_IG,2026-04-06,16784,203,235.9,4,0.012095,1.1621,58.975
Display_Programmatic,2026-04-07,39103,281,111.94,2,0.007186,0.3984,55.97
Email_Newsletter,2026-04-07,8104,299,213.46,31,0.036895,0.7139,6.8858
Search_Google,2026-04-07,11165,669,1821.02,30,0.059919,2.722,60.7007
Social_FB,2026-04-07,10205,145,188.06,6,0.014209,1.297,31.3433
Social_IG,2026-04-07,21633,370,250.39,8,0.017103,0.6767,31.2988
Display_Programmatic,2026-04-08,18887,178,137.04,2,0.009424,0.7699,68.52
Email_Newsletter,2026-04-08,8571,353,286.64,24,0.041185,0.812,11.9433
Search_Google,2026-04-08,13247,332,1089.16,26,0.025062,3.2806,41.8908
Social_FB,2026-04-08,23871,511,535.87,22,0.021407,1.0487,24.3577
Social_IG,2026-04-08,19187,308,282.47,9,0.016053,0.9171,31.3856
Display_Programmatic,2026-04-09,37167,266,166.64,3,0.007157,0.6265,55.5467
Email_Newsletter,2026-04-09,3107,93,71.88,6,0.029932,0.7729,11.98
Search_Google,2026-04-09,12236,517,756.56,28,0.042252,1.4634,27.02
Social_FB,2026-04-09,17003,253,327.24,6,0.01488,1.2934,54.54
Social_IG,2026-04-09,12551,178,214.66,3,0.014182,1.206,71.5533
Display_Programmatic,2026-04-10,24301,178,77.1,1,0.007325,0.4331,77.1
Email_Newsletter,2026-04-10,8108,288,254.23,24,0.03552,0.8827,10.5929
Search_Google,2026-04-10,13897,489,1044.32,33,0.035187,2.1356,31.6461
Social_FB,2026-04-10,25664,421,260.88,11,0.016404,0.6197,23.7164
Social_IG,2026-04-10,8984,184,244.91,7,0.020481,1.331,34.9871
Display_Programmatic,2026-04-11,23600,226,103.41,3,0.009576,0.4576,34.47
Email_Newsletter,2026-04-11,9113,280,207.42,23,0.030725,0.7408,9.0183
Search_Google,2026-04-11,14040,602,1968.87,30,0.042877,3.2705,65.629
Social_FB,2026-04-11,28942,455,676.61,15,0.015721,1.4871,45.1073
Social_IG,2026-04-11,14466,143,95.83,5,0.009885,0.6701,19.166
Display_Programmatic,2026-04-12,31243,105,88.11,1,0.003361,0.8391,88.11
Email_Newsletter,2026-04-12,8221,352,315.19,20,0.042817,0.8954,15.7595
Search_Google,2026-04-12,10505,409,528.04,16,0.038934,1.2911,33.0025
Social_FB,2026-04-12,12365,246,211.55,9,0.019895,0.86,23.5056
Social_IG,2026-04-12,15961,249,140.95,4,0.015601,0.5661,35.2375
Display_Programmatic,2026-04-13,20387,206,158.73,2,0.010104,0.7705,79.365
Email_Newsletter,2026-04-13,3597,80,44.19,6,0.022241,0.5524,7.365
Search_Google,2026-04-13,10623,534,1298.39,32,0.050268,2.4314,40.5747
Social_FB,2026-04-13,21906,578,496.78,11,0.026385,0.8595,45.1618
Social_IG,2026-04-13,16611,327,459.36,8,0.019686,1.4048,57.42
Display_Programmatic,2026-04-14,18305,162,75.22,3,0.00885,0.4643,25.0733
Email_Newsletter,2026-04-14,3393,130,103.17,7,0.038314,0.7936,14.7386
Search_Google,2026-04-14,13172,504,1192.22,29,0.038263,2.3655,41.111
Social_FB,2026-04-14,10886,130,212.54,3,0.011942,1.6349,70.8467
Social_IG,2026-04-14,23376,476,430.61,12,0.020363,0.9046,35.8842
Display_Programmatic,2026-04-15,31630,144,117.4,3,0.004553,0.8153,39.1333
Email_Newsletter,2026-04-15,6324,258,231.67,13,0.040797,0.8979,17.8208
Search_Google,2026-04-15,7721,321,914.23,13,0.041575,2.8481,70.3254
Social_FB,2026-04-15,11898,276,184.1,7,0.023197,0.667,26.3
Social_IG,2026-04-15,24626,322,202.32,6,0.013076,0.6283,33.72
Display_Programmatic,2026-04-16,24782,165,138.73,2,0.006658,0.8408,69.365
Email_Newsletter,2026-04-16,4743,120,76.73,12,0.0253,0.6394,6.3942
Search_Google,2026-04-16,5117,305,692.46,16,0.059605,2.2704,43.2788
Social_FB,2026-04-16,25736,641,707.17,13,0.024907,1.1032,54.3977
Social_IG,2026-04-16,13842,180,132.96,4,0.013004,0.7387,33.24
Display_Programmatic,2026-04-17,33441,349,333.95,5,0.010436,0.9569,66.79
Email_Newsletter,2026-04-17,4581,131,46.41,14,0.028596,0.3543,3.315
Search_Google,2026-04-17,10276,287,677.09,14,0.027929,2.3592,48.3636
Social_FB,2026-04-17,22826,409,376.41,16,0.017918,0.9203,23.5256
Social_IG,2026-04-17,10423,111,140.7,3,0.01065,1.2676,46.9
Display_Programmatic,2026-04-18,14380,75,50.7,1,0.005216,0.676,50.7
Email_Newsletter,2026-04-18,5712,291,109.6,19,0.050945,0.3766,5.7684
Search_Google,2026-04-18,13567,315,490.13,19,0.023218,1.556,25.7963
Social_FB,2026-04-18,21444,456,336.03,17,0.021265,0.7369,19.7665
Social_IG,2026-04-18,9764,186,237.35,4,0.01905,1.2761,59.3375
Display_Programmatic,2026-04-19,44608,183,96.2,2,0.004102,0.5257,48.1
Email_Newsletter,2026-04-19,10266,454,136.18,45,0.044224,0.3,3.0262
Search_Google,2026-04-19,6675,358,479.12,18,0.053633,1.3383,26.6178
Social_FB,2026-04-19,18026,492,321.65,10,0.027294,0.6538,32.165
Social_IG,2026-04-19,12225,252,230.44,7,0.020613,0.9144,32.92
Display_Programmatic,2026-04-20,39588,293,116.33,2,0.007401,0.397,58.165
Email_Newsletter,2026-04-20,6884,301,179.7,26,0.043725,0.597,6.9115
Search_Google,2026-04-20,12231,265,748.75,23,0.021666,2.8255,32.5543
Social_FB,2026-04-20,31472,317,390.36,13,0.010072,1.2314,30.0277
Social_IG,2026-04-20,14293,197,191.71,6,0.013783,0.9731,31.9517
Display_Programmatic,2026-04-21,37189,356,248.16,4,0.009573,0.6971,62.04
Email_Newsletter,2026-04-21,6165,136,46.02,13,0.02206,0.3384,3.54
Search_Google,2026-04-21,12304,335,720.55,26,0.027227,2.1509,27.7135
Social_FB,2026-04-21,11670,253,241.75,11,0.02168,0.9555,21.9773
Social_IG,2026-04-21,21996,432,380.95,9,0.01964,0.8818,42.3278
Display_Programmatic,2026-04-22,17935,103,91.84,2,0.005743,0.8917,45.92
Email_Newsletter,2026-04-22,8784,358,127.17,32,0.040756,0.3552,3.9741
Search_Google,2026-04-22,7236,399,1449.0,34,0.055141,3.6316,42.6176
Social_FB,2026-04-22,23097,398,603.83,14,0.017232,1.5172,43.1307
Social_IG,2026-04-22,20625,387,225.05,16,0.018764,0.5815,14.0656
